Марка,ссылка,цена,город
Jeep Gladiator 2021,https://auto.ria.com/newauto/auto-jeep-gladiator-1862595.html,Киев,85 700 $ 
Jeep Grand Cherokee 2021,https://auto.ria.com/newauto/auto-jeep-grand-cherokee-1859603.html,Киев,54 000 $ 
Jeep Grand Cherokee 2021,https://auto.ria.com/newauto/auto-jeep-grand-cherokee-1864077.html,Одесса,54 000 $ 
Jeep Wrangler 2021,https://auto.ria.com/newauto/auto-jeep-wrangler-1862123.html,Одесса,69 700 $ 
Jeep Renegade 2020,https://auto.ria.com/newauto/auto-jeep-renegade-1810689.html,Одесса,28 500 $ 
Jeep Grand Cherokee 2021,https://auto.ria.com/newauto/auto-jeep-grand-cherokee-1811781.html,Одесса,59 500 $ 
Jeep Renegade 2021,https://auto.ria.com/newauto/auto-jeep-renegade-1857246.html,Львов,25 000 $ 
Jeep Renegade 2021,https://auto.ria.com/newauto/auto-jeep-renegade-1838198.html,Киев,28 500 $ 
Jeep Grand Cherokee 2021,https://auto.ria.com/newauto/auto-jeep-grand-cherokee-1836192.html,Киев,59 500 $ 
Jeep Grand Cherokee 2021,https://auto.ria.com/newauto/auto-jeep-grand-cherokee-1863650.html,Одесса,54 000 $ 
Jeep Grand Cherokee 2021,https://auto.ria.com/newauto/auto-jeep-grand-cherokee-1842428.html,Одесса,54 000 $ 
Jeep Grand Cherokee 2021,https://auto.ria.com/newauto/auto-jeep-grand-cherokee-1829808.html,Львов,59 000 $ 
Jeep Wrangler 2021,https://auto.ria.com/newauto/auto-jeep-wrangler-1860925.html,Киев,69 700 $ 
Jeep Wrangler 2021,https://auto.ria.com/newauto/auto-jeep-wrangler-1838190.html,Киев,65 600 $ 
Jeep Gladiator 2021,https://auto.ria.com/newauto/auto-jeep-gladiator-1856629.html,Киев,80 000 $ 
Jeep Wrangler 2021,https://auto.ria.com/newauto/auto-jeep-wrangler-1857232.html,Киев,72 000 $ 
Jeep Grand Cherokee 2021,https://auto.ria.com/newauto/auto-jeep-grand-cherokee-1838297.html,Киев,60 000 $ 
Jeep Grand Cherokee 2021,https://auto.ria.com/newauto/auto-jeep-grand-cherokee-1853604.html,Львов,59 000 $ 
Jeep Wrangler 2021,https://auto.ria.com/newauto/auto-jeep-wrangler-1860588.html,Киев,65 600 $ 
Jeep Wrangler 2021,https://auto.ria.com/newauto/auto-jeep-wrangler-1860927.html,Киев,69 700 $ 


